{
  "generated_at": "2026-05-02T18:16:53.314252",
  "campaigns": 20,
  "daily_records": 1152,
  "customers": 2179,
  "total_spend": 4147499.6499999994,
  "total_revenue": 13196275.75
}